Date,Open,High,Low,Close,Volume
4/22/2014,39.96,40.14,39.83,39.99,27052740
4/23/2014,39.99,39.99,39.47,39.69,24556290
4/24/2014,39.74,39.97,39.3,39.86,41840750
4/25/2014,40.29,40.68,39.75,39.91,56869690
4/28/2014,40.14,41.29,40.09,40.87,50598770
4/29/2014,41.1,41.19,40.39,40.51,29625310
4/30/2014,40.4,40.5,40.1699,40.4,35421760
5/1/2014,40.24,40.36,39.95,40,28787400
5/2/2014,40.31,40.34,39.66,39.69,43404480
5/5/2014,39.52,39.6399,39.3,39.43,22438370
5/6/2014,39.29,39.35,38.95,39.06,27105700
5/7/2014,39.22,39.51,38.51,39.425,41731030
5/8/2014,39.34,39.9,38.97,39.64,32089010
5/9/2014,39.54,39.85,39.37,39.54,29646100
5/12/2014,39.74,40.02,39.65,39.97,22761620
5/13/2014,39.92,40.5,39.85,40.42,26994040
5/14/2014,40.3,40.45,40.05,40.24,18803840
5/15/2014,40.09,40.4,39.51,39.6,37717220
5/16/2014,39.67,39.84,39.27,39.83,29867030
5/19/2014,39.61,39.82,39.46,39.75,23640880
5/20/2014,39.68,39.94,39.46,39.68,21318920
5/21/2014,39.8,40.35,39.7399,40.35,22377460
5/22/2014,40.29,40.35,39.85,40.1,20201010
5/23/2014,40.37,40.37,40,40.12,18013300
5/27/2014,40.26,40.26,39.81,40.19,26160450
5/28/2014,40.14,40.19,39.82,40.01,25711440
5/29/2014,40.15,40.35,39.91,40.34,19887140
5/30/2014,40.45,40.97,40.25,40.94,34564370
6/2/2014,40.95,41.09,40.68,40.79,18493950
6/3/2014,40.6,40.68,40.25,40.29,18041370
6/4/2014,40.21,40.37,39.86,40.32,23198020
6/5/2014,40.59,41.25,40.4,41.21,31839900
6/6/2014,41.48,41.66,41.24,41.48,24042030
6/9/2014,41.39,41.48,41.02,41.27,15011640
6/10/2014,41.03,41.16,40.86,41.11,15002270
6/11/2014,40.93,41.07,40.765,40.86,17635280
6/12/2014,40.81,40.88,40.29,40.58,29812690
6/13/2014,41.1,41.565,40.86,41.23,26305900
6/16/2014,41.04,41.61,41.04,41.5,24127410
6/17/2014,41.29,41.91,40.335,41.68,22473060
6/18/2014,41.605,41.74,41.18,41.65,27053740
6/19/2014,41.57,41.77,41.3301,41.51,19828190
6/20/2014,41.445,41.83,41.38,41.68,47760950
6/23/2014,41.73,42,41.69,41.99,18731430
6/24/2014,41.83,41.94,41.56,41.745,26499460
6/25/2014,41.7,42.05,41.46,42.03,20038340
6/26/2014,41.93,41.94,41.43,41.72,23604390
6/27/2014,41.61,42.29,41.51,42.25,70385440
6/30/2014,42.17,42.21,41.7,41.7,30790300
7/1/2014,41.86,42.15,41.69,41.87,26916950
7/2/2014,41.73,41.9,41.53,41.9,20208090
7/3/2014,41.91,41.99,41.56,41.8,15969310
7/7/2014,41.75,42.12,41.71,41.99,21896680
7/8/2014,41.87,42,41.61,41.78,31218210
7/9/2014,41.98,41.99,41.53,41.67,18374910
7/10/2014,41.37,42,41.05,41.685,21854010
7/11/2014,41.7,42.09,41.48,42.09,24082750
7/14/2014,42.22,42.45,42.04,42.14,21878810
7/15/2014,42.33,42.47,42.03,42.45,28743300
7/16/2014,42.51,44.31,42.48,44.08,63304860
7/17/2014,45.45,45.71,44.25,44.53,82146080
7/18/2014,44.65,44.84,44.25,44.69,43396060
7/21/2014,44.56,45.16,44.22,44.835,37569630
7/22/2014,45,45.15,44.59,44.83,42589920
7/23/2014,45.45,45.45,44.62,44.87,52352270
7/24/2014,44.93,45,44.32,44.4,30692230
7/25/2014,44.3,44.66,44.3,44.5,26700810
7/28/2014,44.36,44.51,43.93,43.97,29650540
7/29/2014,43.91,44.09,43.64,43.885,27755840
7/30/2014,44.07,44.1,43.29,43.5785,31918500
7/31/2014,43.38,43.69,43.08,43.16,31527670
8/1/2014,43.21,43.25,42.6,42.86,30926280
8/4/2014,42.97,43.47,42.81,43.37,34200470
8/5/2014,43.31,43.46,42.83,43.08,26258880
8/6/2014,42.74,43.17,42.21,42.74,24625300
8/7/2014,42.84,43.45,42.65,43.23,30300560
8/8/2014,43.23,43.315,42.91,43.2,28942570
8/11/2014,43.26,43.45,43.02,43.2,19829060
8/12/2014,43.04,43.59,43,43.52,21422980
8/13/2014,43.68,44.18,43.52,44.08,22851140
8/14/2014,44.08,44.417,44.01,44.27,19304230
8/15/2014,44.58,44.895,44.4,44.79,41573360
8/18/2014,44.94,45.11,44.68,45.11,26882850
8/19/2014,44.97,45.34,44.83,45.33,28087670
8/20/2014,45.34,45.4,44.9,44.95,24747360
8/21/2014,44.84,45.25,44.83,45.22,22272010
8/22/2014,45.35,45.47,45.07,45.15,18293690
8/25/2014,45.4,45.44,45.04,45.17,16815800
8/26/2014,45.31,45.395,44.94,45.005,14850670
8/27/2014,44.9,45,44.76,44.87,20822900
8/28/2014,44.75,44.98,44.61,44.88,17656590
8/29/2014,45.09,45.44,44.855,45.43,21577940
9/2/2014,45.43,45.46,44.85,45.09,22956270
9/3/2014,44.53,45.11,44.53,44.96,33662430
9/4/2014,44.74,45.27,44.72,45.26,26475110
9/5/2014,45.11,45.93,45.11,45.91,36687170
9/8/2014,46.02,46.8,45.99,46.47,45709750
9/9/2014,46.47,46.97,46.42,46.76,40248050
9/10/2014,46.82,46.94,46.28,46.84,27297820
9/11/2014,46.74,47,46.47,47,29201070
9/12/2014,46.91,47.02,46.6,46.695,38224850
9/15/2014,46.54,46.71,46.1,46.24,37630230
9/16/2014,46.39,46.85,46.29,46.76,27865200
9/17/2014,46.26,46.69,46.23,46.52,38247550
9/18/2014,46.59,46.83,46.46,46.68,35493560
9/19/2014,46.81,47.57,46.6,47.52,202514100
9/22/2014,47.3,47.38,46.98,47.06,38655550
9/23/2014,46.85,46.98,46.47,46.56,33386790
9/24/2014,46.63,47.11,46.34,47.08,26533890
9/25/2014,46.88,47.09,46.03,46.04,32927320
9/26/2014,45.93,46.62,45.76,46.41,27051350
9/29/2014,45.98,46.56,45.76,46.44,26057810
9/30/2014,46.37,46.4763,46.01,46.36,32996820
10/1/2014,46.27,46.53,45.845,45.9,38050210
10/2/2014,45.83,46.1,45.64,45.76,25297400
10/3/2014,45.98,46.3,45.61,46.09,32351720
10/6/2014,46.12,46.3,45.9199,46.09,20532430
10/7/2014,45.86,45.93,45.42,45.53,25617210
10/8/2014,45.48,46.89,45.34,46.78,32977510
10/9/2014,46.5,46.8,45.74,45.85,34422150
10/10/2014,45.6,46.12,43.95,44.03,51877600
10/13/2014,43.82,44.56,43.49,43.65,37020680
10/14/2014,43.87,44.38,43.56,43.73,38097300
10/15/2014,43,43.39,42.1,43.22,60188290
10/16/2014,42.53,43.08,42.22,42.74,49007120
10/17/2014,43.2,43.935,42.79,43.63,40654940
10/20/2014,43.06,44.14,42.81,44.08,34523930
10/21/2014,44.36,44.975,44.19,44.88,36234890
10/22/2014,45,45.07,44.225,44.38,33570230
10/23/2014,44.62,45.445,44.53,45.02,43844860
10/24/2014,46.83,46.9,45.18,46.13,61053110
10/27/2014,45.71,46.1,45.71,45.91,30319900
10/28/2014,45.86,46.5,45.77,46.49,29001420
10/29/2014,46.44,46.7,46.34,46.62,30274720
10/30/2014,46.32,46.32,45.77,46.05,30040850
10/31/2014,46.94,46.97,46.48,46.95,35826980
11/3/2014,46.89,47.46,46.73,47.44,23078100
11/4/2014,47.301,47.73,47.25,47.57,21287870
11/5/2014,47.8,47.9,47.26,47.86,22447160
11/6/2014,47.86,48.86,47.79,48.7,33033070
11/7/2014,48.92,48.92,48.2901,48.68,27987700
11/10/2014,48.65,49.15,48.55,48.89,36364840
11/11/2014,48.85,48.93,48.645,48.87,22180480
11/12/2014,48.56,48.92,48.52,48.78,22721330
11/13/2014,48.81,49.645,48.705,49.61,26207930
11/14/2014,49.74,50.045,49.39,49.58,29074940
11/17/2014,49.41,49.705,49.14,49.46,30309630
11/18/2014,49.13,49.325,48.7,48.74,23938060
11/19/2014,48.66,48.7549,47.93,48.22,26166200
11/20/2014,48,48.7,47.87,48.7,21486310
11/21/2014,49.02,49.05,47.57,47.98,42867970
11/24/2014,47.99,48,47.39,47.59,34266860
11/25/2014,47.66,47.97,47.45,47.47,27951120
11/26/2014,47.49,47.99,47.28,47.75,27162850
11/28/2014,47.95,48.195,47.61,47.81,21534430
12/1/2014,47.88,48.78,47.71,48.62,31187680
12/2/2014,48.84,49.05,48.2,48.46,25768100
12/3/2014,48.44,48.5,47.805,48.08,23528130
12/4/2014,48.39,49.06,48.2,48.84,30342050
12/5/2014,48.82,48.97,48.38,48.42,26705270
12/8/2014,48.26,48.35,47.445,47.695,26652610
12/9/2014,47.11,47.92,47.05,47.59,24326090
12/10/2014,47.58,47.66,46.7001,46.9,30284690
12/11/2014,47.08,47.74,46.68,47.17,29060360
12/12/2014,46.78,47.73,46.67,46.95,34247280
12/15/2014,47.2,47.67,46.55,46.67,29213490
12/16/2014,45.9,46.34,45.13,45.16,47764300
12/17/2014,45.05,45.945,44.9,45.74,34967260
12/18/2014,46.58,47.52,46.3386,47.52,40031480
12/19/2014,47.63,48.1,47.17,47.66,64504160
12/22/2014,47.78,48.12,47.71,47.98,26561880
12/23/2014,48.37,48.8,48.13,48.45,23654190
12/24/2014,48.64,48.64,48.08,48.14,11442790
12/26/2014,48.41,48.41,47.82,47.88,13197120
12/29/2014,47.7,47.78,47.26,47.45,14417170
12/30/2014,47.44,47.62,46.84,47.02,16380820
12/31/2014,46.73,47.44,46.45,46.45,21551090
1/2/2015,46.66,47.42,46.54,46.76,27843560
1/5/2015,46.37,46.73,46.25,46.325,39667400
1/6/2015,46.38,46.749,45.54,45.65,36434980
1/7/2015,45.98,46.46,45.49,46.23,29103920
1/8/2015,46.75,47.7499,46.72,47.59,29634030
1/9/2015,47.61,47.82,46.9,47.19,23942750
1/12/2015,47.42,47.54,46.36,46.6,23623970
1/13/2015,46.97,47.91,46.06,46.355,35258300
1/14/2015,45.96,46.24,45.62,45.955,29713190
1/15/2015,46.22,46.38,45.41,45.48,32744260
1/16/2015,45.31,46.28,45.17,46.24,35683380
1/20/2015,46.3,46.65,45.57,46.39,36121800
1/21/2015,45.94,46.14,45.48,45.92,37113740
1/22/2015,46.38,47.135,46.08,47.13,35842790
1/23/2015,47.36,47.39,46.8,47.18,26136690
1/26/2015,47,47.1339,46.2399,47.01,40995700
1/27/2015,42.95,43.2,42.105,42.66,169115000
1/28/2015,42.74,42.79,41.16,41.19,84453280
1/29/2015,40.93,42.12,40.79,42.01,63551980
1/30/2015,41.55,41.58,40.35,40.4,77983360
2/2/2015,40.59,41.37,40.23,41.28,50274250
2/3/2015,41.63,41.93,41.045,41.6,52068450
2/4/2015,41.94,42.21,41.36,41.84,41585310
2/5/2015,42.22,42.64,41.855,42.45,36543020
2/6/2015,42.68,42.79,42.15,42.41,34612420
2/9/2015,42.24,42.74,42.21,42.36,27416280
2/10/2015,42.74,42.77,42.18,42.6,29655280
2/11/2015,42.65,42.65,42.21,42.38,38248500
2/12/2015,42.66,43.09,42.51,43.09,33238000
2/13/2015,43.38,43.87,43.15,43.87,40112080
2/17/2015,43.97,44,43.19,43.58,33692870
2/18/2015,43.63,43.7,43.39,43.53,27105640
2/19/2015,43.18,43.5263,43.05,43.5,27598050
2/20/2015,43.51,43.88,43.29,43.855,29710140
2/23/2015,43.7,44.19,43.65,44.15,32510550
2/24/2015,44.15,44.3,43.92,44.09,25262080
2/25/2015,43.95,44.09,43.8,43.99,29749090
2/26/2015,43.99,44.23,43.89,44.055,26524300
2/27/2015,44.13,44.2,43.66,43.85,33784370
3/2/2015,43.67,44.19,43.55,43.88,31766030
3/3/2015,43.56,43.825,43.09,43.28,31685600
3/4/2015,43.01,43.21,42.88,43.055,25746840
3/5/2015,43.07,43.24,42.82,43.11,23176110
3/6/2015,43,43.11,42.15,42.36,36120570
3/9/2015,42.19,43.125,42.19,42.85,32106530
3/10/2015,42.35,42.71,42.03,42.03,39158290
3/11/2015,42.31,42.37,41.84,41.98,32214780
3/12/2015,41.33,41.65,40.86,41.02,59984700
3/13/2015,40.7,41.47,40.61,41.38,57972120
3/16/2015,41.47,41.64,41.28,41.56,35257510
3/17/2015,41.37,41.83,41.15,41.695,31669340
3/18/2015,41.43,42.83,41.33,42.5,44178520
3/19/2015,42.26,42.59,42.22,42.285,33836100
3/20/2015,42.56,42.98,42.49,42.88,71754700
3/23/2015,42.88,43.13,42.78,42.855,26233420
3/24/2015,42.78,43.17,42.75,42.9,25453110
3/25/2015,42.92,42.925,41.44,41.46,43427180
3/26/2015,41.22,41.61,40.92,41.21,37483900
3/27/2015,41.12,41.43,40.83,40.97,33980410
3/30/2015,41.1,41.54,40.91,40.96,34999850
3/31/2015,40.78,41.03,40.54,40.655,34884740
4/1/2015,40.6,40.76,40.31,40.72,36841010
4/2/2015,40.66,40.74,40.12,40.29,37483000
4/6/2015,40.34,41.78,40.18,41.545,39161760
4/7/2015,41.61,41.91,41.31,41.53,28808840
4/8/2015,41.46,41.69,41.04,41.42,24699710
4/9/2015,41.25,41.62,41.25,41.48,25722630
4/10/2015,41.63,41.95,41.41,41.72,27856770
4/13/2015,41.4,42.06,41.39,41.76,30270750
4/14/2015,41.8,42.03,41.39,41.65,24238760
4/15/2015,41.76,42.46,41.68,42.255,27307270
4/16/2015,41.95,42.34,41.82,42.16,22425300
4/17/2015,41.67,41.74,41.16,41.615,41912450
4/20/2015,41.73,43.17,41.68,42.905,46051240
4/21/2015,43,43.15,42.53,42.635,26004920
4/22/2015,42.67,43.13,42.55,42.985,25032050
4/23/2015,42.89,43.61,42.8,43.34,45445510
4/24/2015,45.66,48.14,45.65,47.87,130885200
4/27/2015,47.23,48.13,47.22,48.03,58950840
4/28/2015,47.78,49.21,47.7,49.155,59860670
4/29/2015,48.72,49.31,48.5,49.06,47665440
4/30/2015,48.7,49.54,48.6,48.64,64127280
5/1/2015,48.58,48.875,48.4,48.655,36432670
5/4/2015,48.37,48.87,48.18,48.24,33986240
5/5/2015,47.82,48.16,47.31,47.6,50364250
5/6/2015,47.57,47.77,46.02,46.28,52416760
5/7/2015,46.27,47.085,46.16,46.7,32940820
5/8/2015,47.55,47.98,47.52,47.75,35060430
5/11/2015,47.55,47.91,47.37,47.37,24608910
5/12/2015,46.85,47.68,46.42,47.35,29927160
5/13/2015,48.19,48.32,47.57,47.625,34182750
5/14/2015,48.03,48.82,48.03,48.72,32956260
5/15/2015,48.87,48.905,48.05,48.295,28628370
5/18/2015,47.98,48.22,47.61,48.01,23918020
5/19/2015,47.56,47.81,47.18,47.58,28181300
5/20/2015,47.39,47.93,47.27,47.58,25035330
5/21/2015,47.28,47.6,47.005,47.42,22399100
5/22/2015,47.3,47.35,46.82,46.9,25700240
5/26/2015,46.83,46.88,46.19,46.59,29556430
5/27/2015,46.82,47.77,46.62,47.61,27333730
5/28/2015,47.5,48.02,47.39,47.45,19282810
5/29/2015,47.43,47.57,46.59,46.86,36497290
6/1/2015,47.06,47.77,46.62,47.23,28610080
6/2/2015,46.93,47.35,46.62,46.92,21484660
6/3/2015,47.37,47.735,46.82,46.85,28000370
6/4/2015,46.79,47.16,46.2,46.36,27474500
6/5/2015,46.31,46.52,45.84,46.14,25434870
6/8/2015,46.3,46.43,45.67,45.73,22108100
6/9/2015,45.76,45.94,45.46,45.65,24395800
6/10/2015,45.79,46.83,45.69,46.61,28416030
6/11/2015,46.66,46.92,46.13,46.44,27290100
6/12/2015,46.22,46.47,45.9,45.97,23916080
6/15/2015,45.45,45.65,45.0201,45.475,33227000
6/16/2015,45.35,46.24,45.3,45.83,26895950
6/17/2015,45.73,46.07,45.36,45.97,28683290
6/18/2015,46.22,46.8,46.17,46.72,32586480
6/19/2015,46.79,46.825,45.99,46.1,63733110
6/22/2015,46.33,46.72,46.16,46.23,20300480
6/23/2015,46.13,46.28,45.62,45.91,25881850
6/24/2015,45.67,46.245,45.55,45.635,34849400
6/25/2015,46.03,46.06,45.5,45.65,20599990
6/26/2015,45.65,46.28,45.03,45.26,49757070
6/29/2015,45.04,45.23,44.36,44.37,34004400
6/30/2015,44.71,44.72,43.94,44.15,35943040
7/1/2015,44.46,45.23,44.1,44.445,28339610
7/2/2015,44.48,44.75,44.06,44.4,21743250
7/6/2015,43.96,44.48,43.95,44.39,23025750
7/7/2015,44.34,44.49,43.32,44.3,36420230
7/8/2015,44.44,44.9,44.03,44.24,39761460
7/9/2015,44.75,45.22,44.5,44.52,32404100
7/10/2015,45.01,45.14,44.57,44.61,25365530
7/13/2015,44.975,45.62,44.9501,45.54,27875670
7/14/2015,45.45,45.96,45.31,45.62,22865770
7/15/2015,45.68,45.89,45.43,45.76,26619810
7/16/2015,46.01,46.69,45.965,46.66,26254220
7/17/2015,46.55,46.78,46.26,46.62,29454740
7/20/2015,46.65,47.13,46.44,46.92,30607770
7/21/2015,46.78,47.33,46.48,47.28,42211210
7/22/2015,45.44,46.93,45.203,45.54,59039160
7/23/2015,45.27,46.23,45.1,46.11,33708200
7/24/2015,45.91,46.32,45.8,45.94,32304070
7/27/2015,45.94,46.01,45.25,45.35,39472930
7/28/2015,45.58,45.639,44.79,45.34,34309080
7/29/2015,45.4,46.78,45.26,46.29,40924210
7/30/2015,46.26,47.4,45.93,46.88,39755700
7/31/2015,47.29,47.37,46.5,46.7,31192430
8/3/2015,46.98,47,46.45,46.81,23919340
8/4/2015,46.75,47.71,46.68,47.54,33306110
8/5/2015,47.98,48.41,47.54,47.58,27003740
8/6/2015,47.71,47.77,46.33,46.62,27344040
8/7/2015,46.39,46.78,46.26,46.74,19158590
8/10/2015,46.95,47.49,46.84,47.33,23045530
8/11/2015,46.82,46.94,45.9,46.41,28757610
8/12/2015,46.19,46.9,45.705,46.74,30184710
8/13/2015,47.06,47.1,46.49,46.73,22612650
8/14/2015,46.53,47.1,46.52,47,21460830
8/17/2015,46.81,47.45,46.57,47.32,21039660
8/18/2015,46.84,47.43,46.7,47.27,23572990
8/19/2015,46.78,47.08,46.3,46.61,31472060
8/20/2015,46.07,46.47,45.66,45.66,36176380
8/21/2015,45.3,45.48,43.07,43.07,69463900
8/24/2015,40.45,43.31,39.72,41.68,88489910
8/25/2015,42.565,43.24,40.39,40.47,70369920
8/26/2015,42.01,42.84,41.06,42.71,63297300
8/27/2015,43.23,43.95,42.925,43.9,50612610
8/28/2015,43.4,44.15,43.39,43.93,28243230
8/31/2015,43.56,43.93,43.1,43.52,34434480
9/1/2015,42.17,42.59,41.66,41.82,49682210
9/2/2015,42.36,43.38,41.88,43.36,37624230
9/3/2015,43.41,43.98,43.28,43.5,28206410
9/4/2015,42.81,43.04,42.195,42.61,37019110
9/8/2015,43.3,44,43.2,43.89,32411680
9/9/2015,44.21,44.4,42.91,43.07,33448580
9/10/2015,43.12,43.79,42.745,43.29,31313520
9/11/2015,43.14,43.59,42.9399,43.48,26475350
9/14/2015,43.43,43.44,42.86,43.04,23654490
9/15/2015,43.19,44.29,43.08,43.98,28831030
9/16/2015,43.97,44.38,43.84,44.3,23337620
9/17/2015,44.29,45,44.08,44.25,29908540
9/18/2015,43.5,43.99,43.33,43.48,63000180
9/21/2015,43.62,44.47,43.6,44.11,26084680
9/22/2015,43.38,44.05,43.31,43.9,28060540
9/23/2015,43.93,44.17,43.51,43.87,17099600
9/24/2015,43.45,44.13,43.27,43.91,27867010
9/25/2015,44.48,44.73,43.76,43.94,29378050
9/28/2015,43.83,44.085,43.205,43.29,27454240
9/29/2015,43.37,43.57,43.05,43.44,32748610
9/30/2015,43.88,44.3,43.66,44.26,34944070
10/1/2015,44.75,44.75,43.75,44.61,28564790
10/2/2015,44.27,45.57,43.92,45.57,41789610
10/5/2015,45.745,46.89,45.7,46.63,33546080
10/6/2015,46.33,47.175,46.22,46.75,27504360
10/7/2015,47.1,47.35,45.95,46.8,27695610
10/8/2015,46.56,47.515,46.5,47.45,33733860
10/9/2015,47.45,47.54,46.92,47.11,28581690
10/12/2015,46.98,47.07,46.5,47,19756420
10/13/2015,46.56,47.1299,46.56,46.89,19985330
10/14/2015,46.65,47.1,46.53,46.68,24693460
10/15/2015,47.01,47.03,46.53,47.01,27155510
10/16/2015,47.02,47.54,46.897,47.51,25845550
10/19/2015,47.42,47.88,47.02,47.62,29357660
10/20/2015,47.44,47.81,47.02,47.77,30794100
10/21/2015,47.92,47.99,47.11,47.2,25222760
10/22/2015,47.53,48.95,47.09,48.03,55888280
10/23/2015,52.3,54.07,52.25,52.87,135152900
10/26/2015,52.53,54.32,52.5,54.25,64541790
10/27/2015,53.99,54.37,53.58,53.69,50959580
10/28/2015,53.54,53.98,52.86,53.98,46948360
10/29/2015,53.54,53.83,53.22,53.36,30109050
10/30/2015,53.32,53.99,52.62,52.64,46602700
11/2/2015,52.85,53.36,52.62,53.24,30229020
11/3/2015,52.93,54.39,52.9,54.15,36584100
11/4/2015,54.18,54.88,54.06,54.4,37084780
11/5/2015,54.49,54.7,54,54.38,31466080
11/6/2015,54.085,54.98,53.964,54.92,32835100
11/9/2015,54.55,54.87,53.56,54.16,32498870
11/10/2015,54.07,54.13,53.27,53.51,55268090
11/11/2015,53.7,54.2,53.46,53.65,34010630
11/12/2015,53.48,53.9791,53.19,53.32,35304350
11/13/2015,53.07,53.29,52.53,52.84,36796370
11/16/2015,53.08,53.89,52.85,53.765,31944340
11/17/2015,53.17,53.53,52.85,52.97,31546750
11/18/2015,53,53.98,52.9799,53.85,29125950
11/19/2015,53.99,54.66,53.781,53.94,28141820
11/20/2015,54.25,54.3,53.265,54.19,37106670
11/23/2015,54.25,54.46,53.75,54.19,28218110
11/24/2015,53.92,54.44,53.58,54.25,24589530
11/25/2015,54.09,54.23,53.69,53.69,20987820
11/27/2015,53.8,54.08,53.79,53.93,9009132
11/30/2015,54.54,54.96,53.9999,54.35,54403560
12/1/2015,54.41,55.23,54.3,55.22,39912320
12/2/2015,55.32,55.96,55.06,55.21,47249030
12/3/2015,55.49,55.77,53.93,54.2,38625370
12/4/2015,54.12,56.23,54.1,55.91,43954660
12/7/2015,55.79,55.97,55.29,55.81,30704980
12/8/2015,55.47,56.1,54.99,55.79,32752860
12/9/2015,55.37,55.87,54.51,54.98,36359780
12/10/2015,55.39,55.655,55.01,55.27,31771820
12/11/2015,54.71,55.1,54.01,54.06,39535140
12/14/2015,54.33,55.21,53.68,55.14,46963970
12/15/2015,55.66,55.9,55.09,55.2,39678290
12/16/2015,55.54,56.245,54.76,56.13,37473420
12/17/2015,56.36,56.79,55.5348,55.7,41244620
12/18/2015,55.77,56,54.03,54.13,84141520
12/21/2015,54.88,55.35,54.2262,54.83,37221910
12/22/2015,54.99,55.48,54.5,55.35,28305310
12/23/2015,55.7,55.88,55.44,55.82,27269200
12/24/2015,55.86,55.96,55.43,55.67,9570002
12/28/2015,55.35,55.95,54.98,55.95,21704030
12/29/2015,56.29,56.85,56.06,56.55,27727810
12/30/2015,56.47,56.78,56.2875,56.31,21690270
12/31/2015,56.04,56.19,55.42,55.48,27329930
1/4/2016,54.32,54.8,53.39,54.8,53209740
1/5/2016,54.93,55.39,54.54,55.05,34059040
1/6/2016,54.32,54.4001,53.64,54.05,39498780
1/7/2016,52.7,53.485,52.07,52.17,56497950
1/8/2016,52.37,53.28,52.15,52.33,48718970
1/11/2016,52.51,52.85,51.46,52.3,36889200
1/12/2016,52.76,53.1,52.06,52.78,36061760
1/13/2016,53.8,54.07,51.3038,51.64,66862860
1/14/2016,52,53.4163,51.57,53.11,52227000
1/15/2016,51.31,51.97,50.34,50.99,71037400
1/19/2016,51.48,51.68,50.06,50.56,43484630
1/20/2016,49.98,51.38,49.1,50.79,63249630
1/21/2016,51,51.58,50.3,50.48,40172530
1/22/2016,51.41,52.33,51.26,52.29,36881330
1/25/2016,51.94,52.65,51.65,51.79,34654900
1/26/2016,51.79,52.44,51.55,52.17,28768620
1/27/2016,52.01,52.2,51.0201,51.22,36647310
1/28/2016,51.86,52.21,51.25,52.055,61275100
1/29/2016,54.73,55.09,54,55.09,83559310
2/1/2016,54.88,55.09,54.495,54.71,44172930
2/2/2016,54.17,54.26,52.65,53,55388320
2/3/2016,53.25,53.39,51.26,52.16,57526850
2/4/2016,52.1,52.81,51.37,52,46967100
2/5/2016,51.94,52,49.56,50.16,61262540
2/8/2016,49.55,49.57,48.19,49.41,58393070
2/9/2016,49.02,50.24,48.67,49.28,46589450
2/10/2016,49.89,50.39,49.52,49.71,38220450
2/11/2016,48.68,50.11,48.51,49.69,48855890
2/12/2016,50.25,50.68,49.75,50.5,34216160
2/16/2016,50.9,51.09,50.13,51.09,36460400
2/17/2016,51.49,52.77,51.45,52.42,40779580
2/18/2016,52.33,52.95,52.1,52.19,27016950
2/19/2016,51.97,52.28,51.53,51.82,33531580
2/22/2016,52.28,53,52.28,52.65,24992030
2/23/2016,52.34,52.37,50.98,51.18,28866480
2/24/2016,50.69,51.5,50.2,51.36,32918630
2/25/2016,51.73,52.1,50.61,52.1,26906570
2/26/2016,52.6,52.68,51.1,51.3,35945290
2/29/2016,51.35,51.65,50.66,50.88,31632160
3/1/2016,50.97,52.59,50.9199,52.58,32999880
3/2/2016,52.41,52.96,52.155,52.95,29269240
3/3/2016,52.97,52.97,51.78,52.35,24423260
3/4/2016,52.4,52.45,51.71,52.03,33033010
3/7/2016,51.56,51.8,50.58,51.03,38426220
3/8/2016,50.8,52.13,50.595,51.65,33822940
3/9/2016,51.89,52.85,51.855,52.84,28238270
3/10/2016,52.93,52.94,51.16,52.05,38385600
3/11/2016,53,53.07,52.38,53.07,32267360
3/14/2016,52.71,53.59,52.63,53.17,24079770
3/15/2016,52.75,53.59,52.74,53.59,21011480
3/16/2016,53.45,54.6,53.4,54.35,31679130
3/17/2016,54.21,55,54,54.66,28193010
3/18/2016,54.92,54.97,53.445,53.49,67622520
3/21/2016,53.25,53.9298,52.93,53.86,23920160
3/22/2016,53.61,54.25,53.46,54.07,23105140
3/23/2016,54.11,54.24,53.74,53.97,20123800
3/24/2016,53.84,54.33,53.73,54.21,18967510
3/28/2016,54.21,54.29,53.33,53.54,17018120
3/29/2016,53.66,54.86,53.45,54.71,23913950
3/30/2016,54.93,55.64,54.9,55.05,22992090
3/31/2016,54.95,55.59,54.86,55.23,26353570
4/1/2016,55.05,55.61,54.57,55.57,24383590
4/4/2016,55.43,55.66,55,55.43,18908300
4/5/2016,55.19,55.3,54.46,54.56,19261620
4/6/2016,54.36,55.2,54.21,55.12,21072150
4/7/2016,54.87,54.91,54.23,54.46,19221270
4/8/2016,54.67,55.28,54.32,54.42,22159630
4/11/2016,54.49,55.15,54.3,54.31,21400400
4/12/2016,54.37,54.78,53.76,54.65,24874410
4/13/2016,55.12,55.4375,54.89,55.35,20813640
4/14/2016,55.22,55.575,55.07,55.36,20875260
4/15/2016,55.3,55.92,55.11,55.65,28462970
4/18/2016,55.49,56.59,55.21,56.46,23758570
4/19/2016,56.63,56.77,55.68,56.39,29566220
4/20/2016,56.29,56.5,55.485,55.59,36169280
4/21/2016,55.8,56.23,55.415,55.78,38182900
4/22/2016,51.91,52.4297,50.77,51.78,126793100
4/25/2016,51.78,52.13,51.63,52.11,33124870
4/26/2016,52.26,52.35,51.09,51.44,33513780
4/27/2016,51.48,51.5,50.55,50.94,43301480
4/28/2016,50.62,50.77,49.56,49.9,43108350
4/29/2016,49.35,50.25,49.35,49.87,48391580
5/2/2016,50,50.75,49.7799,50.61,33105170
5/3/2016,50.34,50.41,49.6,49.78,26445230
5/4/2016,49.84,50.06,49.46,49.87,24249670
5/5/2016,49.87,50.3,49.73,49.94,25386690
5/6/2016,49.92,50.39,49.66,50.39,24772020
5/9/2016,50.49,50.585,50,50.07,17883360
5/10/2016,50.33,51.1,50.19,51.02,22871860
5/11/2016,51.13,51.78,51,51.05,24026140
5/12/2016,51.2,51.81,50.92,51.51,24101640
5/13/2016,51.44,51.895,51.04,51.08,22439560
5/16/2016,50.8,51.96,50.75,51.83,19962750
5/17/2016,51.72,51.73,50.36,50.51,27790370
5/18/2016,50.48,51.14,50.3,50.81,24861480
5/19/2016,50.47,50.62,49.82,50.32,23784750
5/20/2016,50.48,51.22,50.4,50.62,23770620
5/23/2016,50.6,50.68,49.98,50.03,26110160
5/24/2016,50.7,51.71,50.4,51.59,34726410
5/25/2016,51.92,52.49,51.79,52.12,24176970
5/26/2016,51.93,51.9793,51.36,51.89,24308620
5/27/2016,51.92,52.32,51.77,52.32,17671620
5/31/2016,52.26,53,52.08,53,37461550
6/1/2016,52.44,52.95,52.44,52.85,25104350
6/2/2016,52.64,52.74,51.835,52.48,22682220
6/3/2016,52.38,52.42,51.6,51.79,23254530
6/6/2016,51.99,52.35,51.89,52.13,18137760
6/7/2016,52.24,52.73,52.1,52.1,20798030
6/8/2016,52.02,52.44,51.87,52.04,21127190
6/9/2016,52,52,51.49,51.62,20303990
6/10/2016,51.05,52.05,51.04,51.48,25833020
6/13/2016,49.58,50.715,49.06,50.14,83206230
6/14/2016,49.9,50.1,49.57,49.83,42568290
6/15/2016,49.78,50.12,49.69,49.69,33718830
6/16/2016,49.52,50.47,49.5068,50.39,31104460
6/17/2016,50.41,50.43,49.82,50.13,45675100
6/20/2016,50.64,50.83,50.03,50.07,35597220
6/21/2016,50.2,51.43,50.16,51.19,34075570
6/22/2016,51.08,51.46,50.9525,50.99,28801660
6/23/2016,51.28,52.06,51.15,51.91,28960330
6/24/2016,49.81,50.94,49.52,49.83,133456500
6/27/2016,49.1,49.1466,48.035,48.43,50308070
6/28/2016,48.92,49.47,48.67,49.44,38132040
6/29/2016,49.91,50.72,49.8,50.54,31287260
6/30/2016,50.72,51.3,50.5,51.17,28524020
7/1/2016,51.13,51.72,51.07,51.16,21398770
7/5/2016,50.83,51.28,50.74,51.17,24781550
7/6/2016,50.78,51.54,50.39,51.38,28165990
7/7/2016,51.42,51.61,51.07,51.38,19582210
7/8/2016,51.73,52.36,51.55,52.3,28390820
7/11/2016,52.5,52.83,52.47,52.59,21894550
7/12/2016,52.94,53.4,52.785,53.21,27312600
7/13/2016,53.56,53.86,53.18,53.51,25334860
7/14/2016,53.84,53.99,53.58,53.74,24535370
7/15/2016,53.95,54,53.21,53.7,31986450
7/18/2016,53.7,54.34,53.55,53.96,31087650
7/19/2016,53.71,53.9,52.93,53.09,51870970
7/20/2016,56.15,56.84,55.53,55.91,89835200
7/21/2016,55.98,56.23,55.76,55.8,32752350
7/22/2016,56.08,56.6275,55.78,56.57,31900840
7/25/2016,56.47,56.74,56.255,56.73,24313330
7/26/2016,56.52,57.29,56.51,56.76,28028820
7/27/2016,56.61,56.8,56.11,56.19,32283520
7/28/2016,56,56.37,55.72,56.21,37246140
7/29/2016,56.26,56.76,56.05,56.68,30556950
8/1/2016,56.6,56.75,56.14,56.58,26003110
8/2/2016,56.85,56.9,56.31,56.58,35115250
8/3/2016,56.68,57.11,56.49,56.97,22069790
8/4/2016,56.8,57.5193,56.67,57.39,26485600
8/5/2016,57.65,58.21,57.45,57.96,28804780
8/8/2016,58.055,58.085,57.78,58.06,19459340
8/9/2016,58.17,58.5,58.02,58.2,16891750
8/10/2016,58.16,58.32,57.82,58.02,15702720
8/11/2016,58.03,58.45,58.03,58.3,18161190
8/12/2016,58.03,58.19,57.62,57.94,21646690
8/15/2016,58.01,58.5,57.96,58.12,18764820
8/16/2016,57.61,57.62,57.27,57.44,20452960
8/17/2016,57.54,57.68,57.23,57.56,18798940
8/18/2016,57.42,57.7,57.27,57.6,14211810
8/19/2016,57.43,57.73,57.2,57.62,17271010
8/22/2016,57.6,57.75,57.26,57.67,15215880
8/23/2016,57.9,58.18,57.85,57.89,18722560
8/24/2016,57.8,58.04,57.715,57.95,17118420
8/25/2016,57.88,58.29,57.78,58.17,18551890
8/26/2016,58.28,58.7,57.69,58.03,20935160
8/29/2016,58.18,58.6,58.1,58.1,16388470
8/30/2016,57.98,58.19,57.61,57.89,16900190
8/31/2016,57.65,57.8,57.3,57.46,20844280
9/1/2016,57.01,57.82,57.01,57.59,26053530
9/2/2016,57.67,58.19,57.42,57.67,18897210
9/6/2016,57.78,57.8,57.21,57.61,16264890
9/7/2016,57.47,57.84,57.405,57.66,17484810
9/8/2016,57.63,57.79,57.18,57.43,20109050
9/9/2016,56.79,57.52,56.21,56.21,35026930
9/12/2016,56,57.205,55.61,57.05,29266780
9/13/2016,56.5,56.65,56.05,56.53,30062330
9/14/2016,56.39,56.63,56.03,56.26,24265700
9/15/2016,56.15,57.35,55.98,57.19,27049520
9/16/2016,57.63,57.63,56.75,57.25,44603890
9/19/2016,57.27,57.75,56.85,56.93,20919450
9/20/2016,57.35,57.35,56.75,56.81,17347740
9/21/2016,57.51,57.85,57.08,57.76,33623490
9/22/2016,57.92,58,57.63,57.82,19821760
9/23/2016,57.87,57.91,57.38,57.43,19941140
9/26/2016,57.08,57.14,56.83,56.9,21184750
9/27/2016,56.93,58.06,56.681,57.95,28029780
9/28/2016,57.88,58.06,57.67,58.03,20523320
9/29/2016,57.81,58.1679,57.21,57.4,25389600
9/30/2016,57.57,57.77,57.34,57.6,29877820
10/3/2016,57.405,57.55,57.06,57.42,19156410
10/4/2016,57.27,57.595,56.97,57.24,20061950
10/5/2016,57.29,57.9601,57.26,57.64,16708620
10/6/2016,57.74,57.86,57.28,57.74,16194470
10/7/2016,57.85,57.98,57.42,57.8,20062440
10/10/2016,57.91,58.39,57.87,58.04,18085830
10/11/2016,57.89,58.02,56.89,57.19,26483780
10/12/2016,57.11,57.27,56.4,57.11,22157100
10/13/2016,56.7,57.3,56.315,56.92,25217590
10/14/2016,57.12,57.74,57.12,57.42,27221480
10/17/2016,57.36,57.46,56.87,57.22,23829490
10/18/2016,57.53,57.945,57.41,57.66,18862790
10/19/2016,57.47,57.84,57.395,57.53,22840410
10/20/2016,57.5,57.52,56.66,57.25,48880910
10/21/2016,60.28,60.45,59.485,59.66,80008400
10/24/2016,59.94,61,59.93,61,54039610
10/25/2016,60.85,61.3699,60.8,60.99,35119480
10/26/2016,60.81,61.2,60.47,60.63,29908240
10/27/2016,60.61,60.83,60.09,60.1,28444550
10/28/2016,60.01,60.52,59.58,59.87,33569190
10/31/2016,60.16,60.42,59.92,59.92,26418340
11/1/2016,59.97,60.02,59.25,59.8,24474870
11/2/2016,59.82,59.93,59.3,59.43,22118490
11/3/2016,59.53,59.64,59.11,59.21,21448620
11/4/2016,58.65,59.28,58.52,58.71,28693430
11/7/2016,59.78,60.52,59.78,60.42,31652340
11/8/2016,60.55,60.78,60.15,60.47,22923800
11/9/2016,60,60.59,59.2,60.17,49588490
11/10/2016,60.48,60.49,57.6302,58.7,57770560
11/11/2016,58.23,59.116,58.01,59.02,35932400
11/14/2016,59.02,59.08,57.28,58.12,41248640
11/15/2016,58.33,59.49,58.315,58.87,35850360
11/16/2016,58.94,59.66,58.81,59.65,27329530
11/17/2016,60.41,60.95,59.965,60.64,32084890
11/18/2016,60.78,61.14,60.3,60.35,27210170
11/21/2016,60.5,60.97,60.42,60.86,19638240
11/22/2016,60.98,61.26,60.805,61.12,23205870
11/23/2016,61.01,61.1,60.25,60.4,21847500
11/25/2016,60.3,60.53,60.13,60.53,8409616
11/28/2016,60.34,61.02,60.21,60.61,20604370
11/29/2016,60.65,61.41,60.52,61.09,22365860
11/30/2016,60.86,61.18,60.215,60.26,34641520
12/1/2016,60.11,60.15,58.935,59.2,34518030
12/2/2016,59.08,59.47,58.8,59.25,25464230
12/5/2016,59.7,60.585,59.56,60.22,23552030
12/6/2016,60.43,60.46,59.8,59.95,19966340
12/7/2016,60.01,61.38,59.8,61.37,30807320
12/8/2016,61.3,61.58,60.84,61.01,21201400
12/9/2016,61.18,61.99,61.125,61.97,27337160
12/12/2016,61.82,62.3,61.72,62.17,20186390
12/13/2016,62.5,63.42,62.24,62.98,35072050
12/14/2016,63,63.45,62.53,62.68,30335770
12/15/2016,62.7,63.1535,62.3,62.58,27661180
12/16/2016,62.95,62.95,62.115,62.3,42452660
12/19/2016,62.56,63.77,62.42,63.62,34318500
12/20/2016,63.69,63.8,63.025,63.54,26017470
12/21/2016,63.43,63.7,63.12,63.54,17084370
12/22/2016,63.84,64.1,63.405,63.55,22175270
12/23/2016,63.45,63.54,62.8,63.24,12399540
12/27/2016,63.21,64.07,63.21,63.28,11743650
12/28/2016,63.4,63.4,62.83,62.99,14348340
12/29/2016,62.86,63.2,62.73,62.9,10248460
12/30/2016,62.96,62.99,62.03,62.14,25575720
1/3/2017,62.79,62.84,62.125,62.58,20655190
1/4/2017,62.48,62.75,62.12,62.3,21325140
1/5/2017,62.19,62.66,62.03,62.3,24866880
1/6/2017,62.3,63.15,62.04,62.84,19899270
1/9/2017,62.76,63.08,62.54,62.64,20374410
1/10/2017,62.73,63.07,62.28,62.62,18587170
1/11/2017,62.61,63.23,62.43,63.19,21503740
1/12/2017,63.06,63.4,61.95,62.61,20965490
1/13/2017,62.62,62.865,62.35,62.7,19421370
1/17/2017,62.68,62.7,62.03,62.53,20662940
1/18/2017,62.67,62.7,62.12,62.5,19666750
1/19/2017,62.24,62.98,62.195,62.3,18438530
1/20/2017,62.67,62.82,62.37,62.74,30067740
1/23/2017,62.7,63.1159,62.57,62.96,23055910
1/24/2017,63.2,63.735,62.94,63.52,24647260
1/25/2017,63.95,64.1,63.45,63.68,24480930
1/26/2017,64.12,64.535,63.55,64.27,42688490
1/27/2017,65.39,65.91,64.89,65.78,44806710
1/30/2017,65.69,65.79,64.8,65.13,31627120
1/31/2017,64.86,65.15,64.26,64.65,25258900
2/1/2017,64.355,64.62,63.47,63.58,39650890
2/2/2017,63.25,63.41,62.75,63.17,45820410
2/3/2017,63.5,63.7,63.07,63.68,30288330
2/6/2017,63.5,63.65,63.14,63.64,19776560
2/7/2017,63.74,63.78,63.23,63.43,20271020
2/8/2017,63.57,63.81,63.22,63.34,18089300
2/9/2017,63.52,64.435,63.32,64.06,22625170
2/10/2017,64.25,64.3,63.975,64,18169980
2/13/2017,64.24,64.86,64.13,64.72,22871800
2/14/2017,64.41,64.72,64.02,64.57,23080270
2/15/2017,64.5,64.57,64.155,64.53,16984020
2/16/2017,64.74,65.24,64.44,64.52,20538890
2/17/2017,64.47,64.69,64.3,64.62,21236980
2/21/2017,64.61,64.95,64.45,64.49,20643320
2/22/2017,64.33,64.39,64.05,64.36,19274640
2/23/2017,64.42,64.7285,64.195,64.62,20255890
2/24/2017,64.53,64.8,64.135,64.62,21778650
2/27/2017,64.54,64.54,64.045,64.23,15852360
2/28/2017,64.08,64.2,63.76,63.98,23225630
3/1/2017,64.13,64.99,64.0218,64.94,26911390
3/2/2017,64.69,64.75,63.88,64.01,24523130
3/3/2017,63.99,64.28,63.62,64.25,18138220
3/6/2017,63.97,64.56,63.81,64.27,17536510
3/7/2017,64.19,64.775,64.19,64.4,18507840
3/8/2017,64.26,65.085,64.25,64.99,21510490
3/9/2017,65.19,65.2,64.48,64.73,19841220
3/10/2017,65.11,65.26,64.75,64.93,19531290
3/13/2017,65.01,65.195,64.57,64.71,19558920
3/14/2017,64.53,64.55,64.15,64.41,14280080
3/15/2017,64.55,64.92,64.25,64.75,24819560
3/16/2017,64.75,64.76,64.3,64.64,20638340
3/17/2017,64.91,65.24,64.68,64.87,49077080
3/20/2017,64.91,65.175,64.72,64.93,14273670
3/21/2017,65.19,65.5,64.13,64.21,26607950
3/22/2017,64.12,65.14,64.12,65.03,20635780
3/23/2017,64.94,65.235,64.765,64.87,19267040
3/24/2017,65.12,65.45,64.76,64.98,22616680
3/27/2017,64.63,65.22,64.35,65.1,18555230
3/28/2017,64.96,65.47,64.65,65.29,20066100
3/29/2017,65.12,65.5,64.9475,65.47,13613870
3/30/2017,65.42,65.98,65.36,65.71,15109580
3/31/2017,65.65,66.19,65.45,65.86,21037270
4/3/2017,65.81,65.94,65.19,65.55,20362440
4/4/2017,65.39,65.81,65.28,65.73,12988620
4/5/2017,66.3,66.35,65.4443,65.56,21418530
4/6/2017,65.6,66.055,65.48,65.73,18074330
4/7/2017,65.85,65.96,65.44,65.68,14089430
4/10/2017,65.61,65.82,65.36,65.53,17951970
4/11/2017,65.6,65.61,64.85,65.48,18783560
4/12/2017,65.42,65.51,65.11,65.23,17107430
4/13/2017,65.29,65.86,64.95,64.95,17875510
4/17/2017,65.04,65.49,65.01,65.48,16664820
4/18/2017,65.33,65.71,65.16,65.39,15145300
4/19/2017,65.65,65.75,64.89,65.04,26983430
4/20/2017,65.46,65.75,65.14,65.5,22298340
4/21/2017,65.67,66.7,65.45,66.4,32507090
4/24/2017,67.48,67.66,67.1,67.53,29721350
4/25/2017,67.9,68.04,67.6,67.92,30186690
4/26/2017,68.08,68.31,67.62,67.83,26132990
4/27/2017,68.15,68.38,67.58,68.27,34301810
4/28/2017,68.91,69.14,67.69,68.46,39431920
5/1/2017,68.68,69.55,68.5,69.41,31902530
5/2/2017,69.71,69.71,69.13,69.3,23528160
5/3/2017,69.38,69.38,68.71,69.08,28901660
5/4/2017,69.03,69.08,68.64,68.81,21684030
5/5/2017,68.9,69.03,68.485,69,19037540
5/8/2017,68.97,69.05,68.42,68.94,18553900
5/9/2017,68.86,69.28,68.68,69.04,22442280
5/10/2017,68.99,69.56,68.92,69.31,17934310
5/11/2017,68.36,68.73,68.12,68.46,28771250
5/12/2017,68.61,68.61,68.04,68.38,18700160
5/15/2017,68.14,68.48,67.57,68.43,30954130
5/16/2017,68.23,69.44,68.16,69.41,34936100
5/17/2017,68.89,69.1,67.43,67.48,30494870
5/18/2017,67.4,68.13,67.14,67.71,25184940
5/19/2017,67.5,68.095,67.43,67.69,26905730
5/22/2017,67.89,68.5,67.5,68.45,16216010
5/23/2017,68.72,68.75,68.38,68.68,15423430
5/24/2017,68.87,68.88,68.45,68.77,14665710
5/25/2017,68.97,69.88,68.91,69.62,21838800
5/26/2017,69.8,70.22,69.52,69.96,19716360
5/30/2017,69.79,70.41,69.77,70.41,17057170
5/31/2017,70.53,70.74,69.81,69.84,30445790
6/1/2017,70.24,70.61,69.451,70.1,21538070
6/2/2017,70.44,71.86,70.24,71.76,34637860
6/5/2017,71.97,72.89,71.81,72.28,33303010
6/6/2017,72.3,72.62,72.27,72.52,31506590
6/7/2017,72.635,72.77,71.95,72.39,22282420
6/8/2017,72.51,72.52,71.5,71.95,24460980
6/9/2017,72.035,72.08,68.59,70.32,49143030
6/12/2017,69.25,69.94,68.13,69.78,47720550
6/13/2017,70.02,70.82,69.96,70.65,25254650
6/14/2017,70.91,71.1,69.43,70.27,25483760
6/15/2017,69.27,70.21,68.8,69.9,26006180
6/16/2017,69.73,70.0252,69.22,70,48278130
6/19/2017,70.5,70.945,70.35,70.87,23309860
6/20/2017,70.82,70.87,69.87,69.91,21509280
6/21/2017,70.21,70.62,69.94,70.27,19681370
6/22/2017,70.54,70.59,69.71,70.26,22602120
6/23/2017,70.09,71.25,69.92,71.21,27071300
6/26/2017,71.4,71.71,70.445,70.53,19508480
6/27/2017,70.11,70.18,69.18,69.21,25214000
6/28/2017,69.21,69.841,68.79,69.8,25802760
6/29/2017,69.38,69.49,68.09,68.49,28898600
6/30/2017,68.78,69.38,68.74,68.93,24094240
7/3/2017,69.33,69.6,68.02,68.17,16165540
7/5/2017,68.255,69.44,68.22,69.08,21164570
7/6/2017,68.27,68.78,68.12,68.57,21108330
7/7/2017,68.7,69.84,68.7,69.46,15910410
7/10/2017,69.46,70.25,69.2,69.98,15006190
7/11/2017,70,70.68,69.75,69.99,17459190
7/12/2017,70.69,71.28,70.55,71.15,17747470
7/13/2017,71.5,72.0399,71.31,71.77,20267570
7/14/2017,72.24,73.27,71.96,72.78,25780260
7/17/2017,72.8,73.45,72.72,73.35,21776670
7/18/2017,73.09,73.39,72.66,73.3,26356400
7/19/2017,73.5,74.04,73.45,73.86,22071360
7/20/2017,74.18,74.3,73.28,74.22,39459200
7/21/2017,73.45,74.29,73.17,73.79,46301020
7/24/2017,73.53,73.75,73.13,73.6,21227590
7/25/2017,73.8,74.31,73.5,74.19,21934340
7/26/2017,74.34,74.38,73.81,74.05,16074960
7/27/2017,73.76,74.42,72.32,73.16,35803280
7/28/2017,72.67,73.31,72.54,73.04,17800810
7/31/2017,73.3,73.44,72.41,72.7,23546300
8/1/2017,73.1,73.42,72.49,72.58,20755590
8/2/2017,72.55,72.56,71.445,72.26,26487360
8/3/2017,72.19,72.44,71.845,72.15,18203460
8/4/2017,72.4,73.04,72.24,72.68,22578340
8/7/2017,72.8,72.9,72.26,72.4,18703680
8/8/2017,72.09,73.13,71.75,72.79,22029970
8/9/2017,72.25,72.51,72.05,72.47,22208930
8/10/2017,71.9,72.19,71.35,71.41,23882090
8/11/2017,71.61,72.7,71.28,72.5,21429130
8/14/2017,73.06,73.72,72.95,73.59,20079920
8/15/2017,73.59,73.59,73.04,73.22,19174140
8/16/2017,73.34,74.1,73.17,73.65,18146300
8/17/2017,73.58,73.87,72.4,72.4,22450130
8/18/2017,72.27,72.84,71.93,72.49,18760830
8/21/2017,72.47,72.48,71.7,72.15,17698800
8/22/2017,72.35,73.24,72.35,73.16,14333220
8/23/2017,72.96,73.15,72.53,72.72,13758650
8/24/2017,72.74,72.86,72.07,72.69,17097240
8/25/2017,72.86,73.35,72.48,72.82,12790300
8/28/2017,73.06,73.09,72.55,72.83,14558700
8/29/2017,72.25,73.16,72.05,73.05,11470410
8/30/2017,73.01,74.2099,72.8293,74.01,16892790
8/31/2017,74.03,74.96,73.8,74.77,27645380
9/1/2017,74.71,74.74,73.64,73.94,21713620
9/5/2017,73.34,73.89,72.98,73.61,22234340
9/6/2017,73.74,74.04,73.35,73.4,16525320
9/7/2017,73.68,74.6,73.6,74.34,17468290
9/8/2017,74.33,74.44,73.84,73.98,14703700
9/11/2017,74.31,74.945,74.31,74.76,17900360
9/12/2017,74.76,75.24,74.37,74.68,14387100
9/13/2017,74.93,75.23,74.55,75.21,13353930
9/14/2017,75,75.49,74.52,74.77,15695470
9/15/2017,74.83,75.39,74.07,75.31,38515230
9/18/2017,75.23,75.97,75.04,75.16,23305610
9/19/2017,75.21,75.71,75.01,75.44,15769510
9/20/2017,75.35,75.55,74.31,74.94,20789800
9/21/2017,75.11,75.24,74.11,74.21,19172840
9/22/2017,73.99,74.51,73.85,74.41,14095440
9/25/2017,74.09,74.25,72.92,73.26,24131960
9/26/2017,73.67,73.81,72.99,73.26,17270990
9/27/2017,73.55,74.17,73.17,73.85,19487260
9/28/2017,73.54,73.97,73.31,73.87,10879150
9/29/2017,73.94,74.535,73.88,74.49,16989330
10/2/2017,74.71,75.01,74.295,74.61,15296380
10/3/2017,74.67,74.88,74.195,74.26,12186560
10/4/2017,74,74.72,73.71,74.69,13295060
10/5/2017,75.22,76.12,74.96,75.97,21176990
10/6/2017,75.67,76.03,75.54,76,13946480
10/9/2017,75.97,76.55,75.86,76.29,11386390
10/10/2017,76.33,76.63,76.14,76.29,13939430
10/11/2017,76.36,76.46,75.95,76.42,15378030
10/12/2017,76.49,77.29,76.37,77.12,17268390
10/13/2017,77.59,77.87,77.29,77.49,15319310
10/16/2017,77.42,77.81,77.35,77.65,12361880
10/17/2017,77.47,77.62,77.25,77.59,16072320
10/18/2017,77.67,77.85,77.37,77.61,13288960
10/19/2017,77.57,77.93,77.35,77.91,15080780
10/20/2017,78.32,78.97,78.22,78.81,22851290
10/23/2017,78.99,79.34,78.76,78.83,20609800
10/24/2017,78.9,79.2,78.46,78.86,17353840
10/25/2017,78.58,79.1,78.01,78.63,20377380
10/26/2017,79.2,79.42,78.75,78.76,31527350
10/27/2017,84.37,86.2,83.61,83.81,71022110
10/30/2017,83.7,84.325,83.105,83.89,31749180
10/31/2017,84.36,84.36,83.11,83.18,26949400
11/1/2017,83.68,83.76,82.88,83.18,22278730
11/2/2017,83.35,84.46,83.12,84.05,23980410
11/3/2017,84.08,84.54,83.4,84.14,17629140
11/6/2017,84.2,84.7,84.0825,84.47,19852030
11/7/2017,84.77,84.9,83.93,84.27,17927430
11/8/2017,84.14,84.61,83.83,84.56,18027540
11/9/2017,84.11,84.27,82.9,84.09,21174120
11/10/2017,83.79,84.095,83.23,83.87,19395240
11/13/2017,83.66,83.94,83.46,83.93,14185670
11/14/2017,83.5,84.1,82.98,84.05,18759800
11/15/2017,83.47,83.69,82.69,82.98,19337370
11/16/2017,83.1,83.42,82.94,83.2,20957350
11/17/2017,83.12,83.12,82.24,82.4,22075340
11/20/2017,82.4,82.59,82.25,82.53,16128540
11/21/2017,82.74,83.84,82.74,83.72,21195610
11/22/2017,83.83,83.9,83.04,83.11,20550600
11/24/2017,83.01,83.43,82.78,83.26,7425603
11/27/2017,83.31,83.98,83.3,83.87,17721740
11/28/2017,84.07,85.06,84.02,84.88,21897340
11/29/2017,84.71,84.9172,83.175,83.34,27358660
11/30/2017,83.51,84.52,83.34,84.17,32998560
12/1/2017,83.6,84.81,83.22,84.26,29387350
12/4/2017,84.42,84.4299,80.7,81.08,39084990
12/5/2017,81.34,82.68,80.9801,81.59,26144410
12/6/2017,81.55,83.14,81.43,82.78,24876890
12/7/2017,82.54,82.8,82,82.49,23170300
12/8/2017,83.63,84.58,83.33,84.16,24027610
12/11/2017,84.29,85.37,84.12,85.23,21446720
12/12/2017,85.31,86.05,85.08,85.58,23821210
12/13/2017,85.74,86,85.17,85.35,21708830
12/14/2017,85.43,85.8739,84.53,84.69,19302690
12/15/2017,85.26,87.09,84.88,86.85,53921240
12/18/2017,87.12,87.4999,86.23,86.38,22278960
12/19/2017,86.35,86.35,85.27,85.83,23339920
12/20/2017,86.2,86.3,84.71,85.52,23584190
12/21/2017,86.05,86.1,85.4,85.5,17939970
12/22/2017,85.4,85.63,84.92,85.51,14071140
12/26/2017,85.31,85.5346,85.03,85.4,9883700
12/27/2017,85.65,85.98,85.215,85.71,14662250
12/28/2017,85.9,85.93,85.55,85.72,10589110
12/29/2017,85.63,86.05,85.5,85.54,18547840
1/2/2018,86.125,86.31,85.5,85.95,22122680
1/3/2018,86.055,86.51,85.97,86.35,25979960
1/4/2018,86.59,87.66,86.57,87.11,21904860
1/5/2018,87.66,88.41,87.43,88.19,23400070
1/8/2018,88.2,88.58,87.6046,88.28,22110230
1/9/2018,88.65,88.7272,87.86,88.22,19466220
1/10/2018,87.86,88.19,87.41,87.82,18639390
1/11/2018,88.13,88.13,87.24,88.08,17699700
1/12/2018,88.67,89.78,88.45,89.6,24261620
1/16/2018,90.1,90.79,88.0104,88.35,36584400
1/17/2018,89.08,90.28,88.75,90.14,25617320
1/18/2018,89.8,90.67,89.66,90.1,24138250
1/19/2018,90.14,90.61,89.66,90,35612750
1/22/2018,90,91.62,89.74,91.61,23511170
1/23/2018,91.9,92.3,91.54,91.9,23014000
1/24/2018,92.55,93.43,91.58,91.82,32735410
1/25/2018,92.465,93.24,91.93,92.33,26099100
1/26/2018,93.12,94.06,92.58,94.06,28964890
1/29/2018,95.14,95.45,93.72,93.92,31521680
1/30/2018,93.3,93.66,92.1,92.74,37310120
1/31/2018,93.75,95.4,93.51,95.01,47448270
2/1/2018,94.79,96.07,93.5813,94.26,46866010
2/2/2018,93.64,93.97,91.5,91.78,47484680
2/5/2018,90.56,93.24,88,88,50588980
2/6/2018,86.89,91.475,85.25,91.33,67970920
2/7/2018,90.49,91.77,89.2,89.61,41082380
2/8/2018,89.71,89.875,84.76,85.01,55247060
2/9/2018,86.3,88.93,83.83,88.18,63470240
2/12/2018,88.735,89.78,87.9295,89.13,35657250
2/13/2018,88.93,90,87.8,89.83,26320030
2/14/2018,88.51,90.99,88.41,90.81,34825510
2/15/2018,91.21,92.72,90.62,92.66,27523410
2/16/2018,92.45,93.5,91.8,92,30580470
2/20/2018,91.475,93.06,91.01,92.72,30325530
2/21/2018,92.98,93.3595,91.49,91.49,26664100
2/22/2018,92.05,92.73,91.36,91.73,23613350
2/23/2018,92.75,94.07,92.36,94.06,26294200
2/26/2018,94.4,95.45,94.25,95.42,30167890
2/27/2018,95.74,95.84,94.2,94.2,25842000
2/28/2018,94.84,95.705,93.63,93.77,30011960
3/1/2018,93.99,94.57,91.84,92.85,36979700
3/2/2018,91.58,93.15,90.86,93.05,32815660
3/5/2018,92.34,94.27,92.26,93.64,23787950
3/6/2018,94.34,94.49,92.941,93.32,21884540
3/7/2018,93.16,93.9406,92.43,93.86,26458530
3/8/2018,94.27,95.1,93.765,94.43,26957790
3/9/2018,95.29,96.54,95,96.54,36913460
3/12/2018,96.5,97.21,96.04,96.77,26042460
3/13/2018,97,97.24,93.97,94.41,34794600
3/14/2018,95.12,95.41,93.5,93.85,31971520
3/15/2018,93.53,94.58,92.83,94.18,27317810
3/16/2018,94.68,95.38,93.92,94.6,49067150
3/19/2018,93.74,93.9,92.11,92.89,32317260
3/20/2018,93.05,93.77,93,93.13,22402330
3/21/2018,92.93,94.05,92.21,92.48,24173600
3/22/2018,91.265,91.75,89.66,89.79,38354400
3/23/2018,89.5,90.46,87.08,87.18,43857770
3/26/2018,90.61,94,90.4,93.78,56261750
3/27/2018,94.94,95.139,88.51,89.47,55091770
3/28/2018,89.82,91.23,88.873,89.39,52235580
3/29/2018,90.18,92.29,88.4,91.27,45763610
4/2/2018,90.47,90.88,87.51,88.52,48473940
4/3/2018,89.575,90.05,87.89,89.71,37188830
4/4/2018,87.85,92.76,87.73,92.33,35479140
4/5/2018,92.435,93.065,91.4,92.38,29686720
4/6/2018,91.49,92.46,89.48,90.23,37809230
4/9/2018,91.04,93.17,90.62,90.77,31508070
4/10/2018,92.39,93.28,91.64,92.88,26885740
4/11/2018,92.01,93.29,91.48,91.86,24849510
4/12/2018,92.43,94.16,92.43,93.58,26684870
4/13/2018,94.05,94.18,92.44,93.08,23332360
4/16/2018,94.07,94.66,93.42,94.17,20278000
4/17/2018,95,96.54,94.88,96.07,25700050
4/18/2018,96.22,96.72,95.52,96.44,21024010
4/19/2018,96.44,97.07,95.34,96.11,23540730
4/20/2018,95.91,96.11,94.05,95,31135830
4/23/2018,95.744,96.29,94.63,95.35,22243560
4/24/2018,96.242,96.47,92.41,93.12,34495820
4/25/2018,93.3,93.3,90.28,92.31,33622300
4/26/2018,93.55,95.15,93.1,94.26,41085820
4/27/2018,97.6,97.9,93.91,95.82,48037250
4/30/2018,96.33,96.3964,93.15,93.52,41196050
5/1/2018,93.21,95.29,92.79,95,31400270
5/2/2018,94.99,95.17,93.19,93.51,27459080
5/3/2018,92.96,94.925,92.45,94.07,31071660
5/4/2018,93.32,95.37,92.92,95.16,22243660
5/7/2018,95.17,96.71,95.1,96.22,23591080
5/8/2018,95.8456,96.16,95.0631,95.81,22764250
5/9/2018,96.01,96.97,95.05,96.94,27279420
5/10/2018,97.46,97.95,97.05,97.91,22341300
5/11/2018,97.8,97.87,97.04,97.7,16759750
5/14/2018,97.92,98.69,97.31,98.03,19447690
5/15/2018,97.24,97.85,96.34,97.32,24584910
5/16/2018,97.36,97.4,96.615,97.15,17371190
5/17/2018,96.76,97.5401,95.83,96.18,17167840
5/18/2018,96.01,96.93,96.01,96.36,17543940
5/21/2018,97,98.01,96.8,97.6,18996380
5/22/2018,97.68,98.17,97.2,97.5,15438990
5/23/2018,96.71,98.73,96.32,98.66,21119770
5/24/2018,98.725,98.94,96.81,98.31,26637580
5/25/2018,98.3,98.98,97.86,98.36,17942630
5/29/2018,97.84,98.88,97.23,98.01,28395290
5/30/2018,98.31,99.25,97.91,98.95,21899560
5/31/2018,99.29,99.99,98.61,98.84,34117650
6/1/2018,99.28,100.86,99.17,100.79,28615930
6/4/2018,101.26,101.86,100.851,101.67,27173310
6/5/2018,102,102.33,101.53,102.19,23484820
6/6/2018,102.48,102.6,101.9,102.49,21112450
6/7/2018,102.65,102.69,100.38,100.88,28149340
6/8/2018,101.092,101.95,100.54,101.63,22151500
6/11/2018,101.37,101.59,100.67,101.05,22773270
6/12/2018,101.1,101.4493,100.75,101.31,18072860
6/13/2018,101.72,102.01,100.56,100.85,28698040
6/14/2018,101.65,102.03,101,101.42,25405900
6/15/2018,101.51,101.53,100.07,100.13,65663130
6/18/2018,100.01,101.11,99.42,100.86,22760070
6/19/2018,99.65,101,99.5,100.86,27633590
6/20/2018,101.37,102.52,101.12,101.87,26177810
6/21/2018,102.075,102.46,100.88,101.14,21812100
6/22/2018,100.41,100.77,99.625,100.41,38869490
6/25/2018,100,100.11,97.3,98.39,35422640
6/26/2018,98.82,100.08,98.75,99.08,26551930
6/27/2018,99.58,100.02,97.4,97.54,31280700
6/28/2018,97.38,99.11,97.26,98.63,26643410
6/29/2018,98.93,99.91,98.33,98.61,27553700
7/2/2018,98.1,100.06,98,100.01,18850500
7/3/2018,100.48,100.63,98.94,99.05,14670280
7/5/2018,99.5,99.92,99.0299,99.76,18583280
7/6/2018,99.885,101.43,99.67,101.16,18238570
7/9/2018,101.645,102.25,101.251,101.85,16410950
7/10/2018,102,102.51,101.86,102.12,19180850
7/11/2018,101.15,102.34,101.1,101.98,19278720
7/12/2018,102.77,104.41,102.73,104.19,24270690
7/13/2018,104.37,105.6,104.09,105.43,24578340
7/16/2018,105.4,105.82,104.515,104.91,20782300
7/17/2018,104.61,106.5,104.32,105.95,25864500
7/18/2018,105.94,106.05,104.715,105.12,29055780
7/19/2018,104.93,105.31,103.89,104.4,38193270
7/20/2018,108.08,108.2,106.08,106.27,55999890
7/23/2018,106.3,108.14,106.13,107.97,29226800
7/24/2018,108.57,108.82,107.26,107.66,26308190
7/25/2018,107.955,111.15,107.6,110.83,30586770
7/26/2018,110.74,111,109.5,109.62,31332820
7/27/2018,110.18,110.18,106.14,107.68,36916780
7/30/2018,107.19,107.53,104.76,105.37,34495720
7/31/2018,106.49,106.72,105.38,106.08,27181070
8/1/2018,106.03,106.446,105.42,106.28,23617980
8/2/2018,105.4,108.09,104.84,107.57,26080740
8/3/2018,107.8,108.05,106.82,108.04,18629310
8/6/2018,108.12,108.42,107.559,108.13,20234680
8/7/2018,108.56,109.1,108.17,108.88,16070070
8/8/2018,109.33,109.75,108.7599,109.49,15461420
8/9/2018,109.71,110.16,109.6,109.67,13634510
8/10/2018,109.42,109.69,108.38,109,18171350
8/13/2018,109.24,109.58,108.1,108.21,18470690
8/14/2018,108.56,109.75,108.04,109.56,16777990
8/15/2018,108.49,108.985,106.82,107.66,29947600
8/16/2018,108.3,108.86,107.3,107.64,20687500
8/17/2018,107.36,107.9,106.69,107.58,18051970
8/20/2018,107.51,107.9,106.48,106.87,17327110
8/21/2018,106.92,107.35,105.85,105.98,22825830
8/22/2018,105.85,107.34,105.78,107.06,17878840
8/23/2018,107.15,108.18,106.87,107.56,17996860
8/24/2018,107.67,108.56,107.56,108.4,17188010
8/27/2018,109.27,109.64,108.51,109.6,19439380
8/28/2018,109.94,110.5,109.79,110.26,19144860
8/29/2018,110.45,112.03,110.27,112.02,20747500
8/30/2018,111.67,112.61,111.44,111.95,22759640
8/31/2018,111.685,112.777,111.515,112.33,23217310
9/4/2018,110.85,111.955,110.22,111.71,22558040
9/5/2018,111.01,111.42,108.1,108.49,32838650
9/6/2018,108.25,108.99,107.51,108.74,23226430
9/7/2018,108.23,108.7248,107.23,108.21,22273530
9/10/2018,108.84,109.64,108.36,109.38,19887280
9/11/2018,108.9,111.59,108.89,111.24,24081240
9/12/2018,111.43,111.85,110.51,111.71,18855340
9/13/2018,112.12,113.725,112.12,112.91,25107230
9/14/2018,113.36,113.73,112.44,113.37,18261950
9/17/2018,113.69,113.7,111.86,112.14,20332830
9/18/2018,112.19,113.695,111.72,113.21,22114560
9/19/2018,113.05,113.32,111.035,111.7,21663020
9/20/2018,112.28,113.8,111.93,113.57,23667500
9/21/2018,114,115.29,113.51,114.26,70363000
9/24/2018,113.03,114.9,112.2175,114.67,25273510
9/25/2018,114.8,115.1,113.75,114.45,20782110
9/26/2018,114.47,115.055,113.74,113.98,19322530
9/27/2018,114.78,114.91,114.2,114.41,19053590
9/28/2018,114.19,114.57,113.68,114.37,20525950
10/1/2018,114.75,115.68,114.73,115.61,18610500
10/2/2018,115.3,115.84,114.44,115.15,20180030
10/3/2018,115.42,116.18,114.93,115.17,16130010
10/4/2018,114.61,114.7588,111.63,112.79,34475710
10/5/2018,112.63,113.17,110.64,112.13,29062670
10/8/2018,111.66,112.03,109.34,110.85,29477750
10/9/2018,111.14,113.08,110.8,112.26,26187200
10/10/2018,111.24,111.5,105.79,106.16,60560740
10/11/2018,105.35,108.93,104.2,105.91,63629560
10/12/2018,109.01,111.24,107.12,109.57,46718940
10/15/2018,108.91,109.48,106.9468,107.6,32001580
10/16/2018,109.54,111.41,108.95,111,31154210
10/17/2018,111.68,111.81,109.5482,110.71,25873980
10/18/2018,110.1,110.53,107.83,108.5,31794350
10/19/2018,108.93,110.86,108.21,108.66,32751070
10/22/2018,109.32,110.54,108.24,109.63,26484510
10/23/2018,107.77,108.97,105.11,108.1,43531680
10/24/2018,108.41,108.49,101.5901,102.32,63236450
10/25/2018,106.55,109.27,106.15,108.3,61550620
10/26/2018,105.69,108.75,104.76,106.96,55480820
10/29/2018,108.105,108.7,101.63,103.85,55101300
10/30/2018,103.66,104.38,100.11,103.73,65273360
10/31/2018,105.435,108.14,105.39,106.81,51042220
11/1/2018,107.05,107.32,105.53,105.92,33243300
11/2/2018,106.48,107.32,104.975,106.16,37591700
11/5/2018,106.37,107.74,105.9,107.51,27908600
11/6/2018,107.38,108.84,106.28,107.72,24217640
11/7/2018,109.44,112.24,109.4,111.96,37864220
11/8/2018,111.8,112.21,110.91,111.75,25479410
11/9/2018,110.85,111.45,108.76,109.57,32011930
11/12/2018,109.42,109.96,106.1,106.87,33595910
11/13/2018,107.55,108.74,106.64,106.94,35360680
11/14/2018,108.1,108.26,104.47,104.97,39451290
11/15/2018,104.99,107.8,103.91,107.28,38430970
11/16/2018,107.08,108.88,106.8,108.29,33494830
11/19/2018,108.27,108.56,103.55,104.62,43324610
11/20/2018,101.8,102.97,99.3528,101.71,63988520
11/21/2018,103.6,104.43,102.24,103.11,28121990
11/23/2018,102.17,103.8099,102,103.07,13823100
11/26/2018,104.79,106.63,104.58,106.47,32258530
11/27/2018,106.27,107.33,105.36,107.14,29063180
11/28/2018,107.89,111.33,107.86,111.12,46132310
11/29/2018,110.33,111.115,109.03,110.19,27792540
11/30/2018,110.7,110.97,109.36,110.89,33652230
12/3/2018,113,113.42,110.73,112.09,34293960
12/4/2018,111.94,112.6373,108.2115,108.52,44572140
12/6/2018,105.82,109.24,105,109.19,47866160
12/7/2018,108.38,109.45,104.3,104.82,44391210
12/10/2018,104.8,107.98,103.89,107.59,40463870
12/11/2018,109.8,110.95,107.44,108.59,42342240
12/12/2018,110.89,111.27,109.04,109.08,36169700
12/13/2018,109.58,110.87,108.63,109.45,30600890
12/14/2018,108.25,109.26,105.5,106.03,46961130
12/17/2018,105.41,105.8,101.71,102.89,56837160
12/18/2018,103.75,104.51,102.52,103.97,48033550
12/19/2018,103.65,106.88,101.35,103.69,68110780
12/20/2018,103.05,104.31,98.78,101.51,70221500
12/21/2018,101.63,103,97.46,98.23,110945000
12/24/2018,97.68,97.97,93.98,94.13,43935190
12/26/2018,95.14,100.69,93.96,100.56,51330280
12/27/2018,99.3,101.19,96.4,101.18,49162950
12/28/2018,102.09,102.41,99.52,100.39,38160810
12/31/2018,101.29,102.4,100.44,101.57,33161320
1/2/2019,99.55,101.75,98.94,101.12,35145360
1/3/2019,100.1,100.185,97.2,97.4,42111650
1/4/2019,99.72,102.51,98.93,101.93,43982700
1/7/2019,101.64,103.2681,100.98,102.06,35567820
1/8/2019,103.04,103.97,101.7134,102.8,31322920
1/9/2019,103.86,104.88,103.2445,104.27,32261890
1/10/2019,103.22,103.75,102.38,103.6,29978930
1/11/2019,103.19,103.44,101.64,102.8,28235260
1/14/2019,101.9,102.8716,101.26,102.05,27194560
1/15/2019,102.51,105.05,101.88,105.01,31537490
1/16/2019,105.26,106.255,104.96,105.38,29655860
1/17/2019,105,106.625,104.76,106.12,27151570
1/18/2019,107.46,107.9,105.91,107.71,37299850
1/22/2019,106.75,107.1,104.86,105.68,32092050
1/23/2019,106.12,107.04,105.34,106.71,25512110
1/24/2019,106.86,107,105.34,106.2,23125910
1/25/2019,107.24,107.88,106.59,107.17,31182240
1/28/2019,106.26,106.48,104.66,105.08,29402020
1/29/2019,104.88,104.97,102.17,102.94,31262200
1/30/2019,104.62,106.38,104.33,106.38,47203190
1/31/2019,103.8,105.22,103.18,104.43,55442870
2/1/2019,103.775,104.0999,102.35,102.78,35243730
2/4/2019,102.87,105.8,102.77,105.74,31216260
2/5/2019,106.06,107.27,105.96,107.22,27270810
2/6/2019,107,107,105.53,106.03,20577980
2/7/2019,105.185,105.59,104.29,105.27,29735930
2/8/2019,104.39,105.78,104.2603,105.67,21453990
2/11/2019,106.2,106.58,104.965,105.25,18753750
2/12/2019,106.14,107.14,105.48,106.89,25018670
2/13/2019,107.5,107.78,106.71,106.81,18337830
2/14/2019,106.31,107.29,105.66,106.9,21745770
2/15/2019,107.91,108.3,107.3624,108.22,26589160
2/19/2019,107.79,108.66,107.78,108.17,17982860
2/20/2019,107.86,107.94,106.29,107.15,21603580
2/21/2019,106.9,109.48,106.87,109.41,28856200
2/22/2019,110.05,111.2,109.82,110.97,27746840
2/25/2019,111.76,112.18,111.26,111.59,23723500
2/26/2019,111.26,113.24,111.17,112.36,21513210
2/27/2019,111.69,112.36,110.88,112.17,21471170
2/28/2019,112.04,112.88,111.73,112.03,28948570
3/1/2019,112.89,113.02,111.665,112.53,20821260
3/4/2019,113.02,113.25,110.8,112.26,25869380
3/5/2019,112.25,112.39,111.23,111.7,19090780
3/6/2019,111.87,112.66,111.43,111.75,17651130
3/7/2019,111.4,111.55,109.865,110.39,25320540
3/8/2019,109.16,110.71,108.8,110.51,22803110
3/11/2019,110.99,112.95,110.98,112.83,24525610
3/12/2019,112.82,113.99,112.6499,113.62,26103480
3/13/2019,114.13,115,113.78,114.5,35311160
3/14/2019,114.54,115.2,114.33,114.59,30414810
3/15/2019,115.34,117.25,114.59,115.91,54025470
3/18/2019,116.17,117.61,116.05,117.57,31098780
3/19/2019,118.09,118.44,116.99,117.65,35304130
3/20/2019,117.39,118.75,116.71,117.52,26110540
3/21/2019,117.135,120.82,117.09,120.22,29747140
3/22/2019,119.5,119.59,117.04,117.05,32346990
